{
    "game-data": {
        "attributes": {
            "bombRange": [
                1.0,
                3.0
            ],
            "explosionRange": [
                1.0,
                6.0
            ],
            "kickRange": [
                1.0,
                3.0
            ],
            "speed": [
                0.4000000059604645,
                0.800000011920929
            ]
        },
        "map": "Save/Maps/random.map",
        "time": 0.0
    },
    "player-0": {
        "bombRange": 3,
        "explosionRange": 5,
        "isAlive": true,
        "kickRange": 1,
        "position": [
            70.50003051757813,
            0.0,
            36.400089263916016
        ],
        "speed": 0.7000000476837158
    },
    "player-1": {
        "bombRange": 1,
        "explosionRange": 1,
        "isAlive": false,
        "kickRange": 1,
        "position": [
            110.0,
            0.0,
            10.0
        ],
        "speed": 0.6000000238418579
    },
    "player-2": {
        "bombRange": 1,
        "explosionRange": 1,
        "isAlive": true,
        "kickRange": 1,
        "position": [
            10.0,
            0.0,
            110.0
        ],
        "speed": 0.6000000238418579
    },
    "player-3": {
        "bombRange": 1,
        "explosionRange": 1,
        "isAlive": true,
        "kickRange": 1,
        "position": [
            110.0,
            0.0,
            110.0
        ],
        "speed": 0.6000000238418579
    }
}
